#,Team,Name,Saves,Clean sheets,Penalties faced,Penalties saved,Goals conceded inside the box,Goals conceded outside the box
1,,Malcom,0,0.22,0,0,0.52,0.07
2,,Quincy Promes,0,0.19,0,0,0.96,0.26
3,,Nikita Alekseev,2,1,1,1,0,0
4,,Maksim Kutovoi,0,0,0,0,0,0
5,,Guillermo Varela,0,0,0,0,1,0
6,,Artem Dzyuba,0,0,0,0,0.82,0.09
7,,Claudinho,0,0.08,0,0,0.58,0.08
8,,Douglas Santos,0,0.46,0,0,0.57,0.11
9,,Gabriel Florentín,0,0,0,0,1.3,0.25
10,,Eduard Spertsyan,0,0.25,0,0,1.29,0.14
11,,Maksim Osipenko,0,0.19,0,0,1.31,0.08
12,,Fedor Chalov,0,0.07,0,0,0.63,0.13
13,,Wendel,0,0.2,0,0,0.48,0.08
14,,Christian Noboa,0,0.12,0,0,1.42,0.38
15,,Jesús Medina,0,0.2,0,0,0.56,0.2
16,,Dejan Lovren,0,0.6,0,0,0.4,0
17,,Arsen Zakharyan,0,0.15,0,0,1.15,0
18,,Stanislav Agkatsev,3,0.67,0.33,0.33,1,0
19,,Daniil Utkin,0,0.15,0,0,1.22,0.07
20,,Konstantin Kuchaev,0,0.07,0,0,0.36,0.07
21,,Nikolay Komlichenko,0,0.04,0,0,1,0.12
22,,Evgeni Frolov,3,0.33,0.33,0.33,0.67,0
23,,Jorge Carrascal,0,0.04,0,0,0.69,0.15
24,,Daler Kuzyaev,0,0.19,0,0,0.42,0.08
25,,Willyan Rocha,0,0.23,0,0,0.77,0.09
26,,Kady Borges,0,0,0,0,0.86,0
27,,Jhon Córdoba,0,0.04,0,0,1.26,0.22
28,,Renato Gojković,0,0.21,0,0,1.38,0.17
29,,Nikolay Kalinskiy,0,0.1,0,0,1.05,0.1
30,,Nikola Moro,0,0.33,0,0,0.67,0
31,,Vladislav Torop,1,1,0,0,0,0
32,,Aleks Matsukatov,0,0,0,0,0,0
33,,Rizvan Tashaev,5,0,0,0,1,0
34,,Alexis Beka Beka,0,0,0,0,1,0
35,,Maksim Glushenkov,0,0,0,0,0.86,0.03
36,,Ilya Lantratov,4.22,0.26,0.3,0.07,1.33,0.04
37,,Wílmar Barrios,0,0.39,0,0,0.5,0.07
38,,Aleksandr Maksimenko,4.67,0,0,0,1,0.33
39,,Ivan Oblyakov,0,0.21,0,0,0.43,0.04
40,,Aleksandr Sobolev,0,0.08,0,0,0.92,0.31
41,,Junior Alonso,0,0.25,0,0,1.17,0.25
42,,Brian Mansilla,0,0.05,0,0,0.82,0.09
43,,Sergey Bozhin,0,0.19,0,0,1.38,0.24
44,,Rodrigão Prado,0,0.5,0,0,0.41,0.09
45,,Guilherme Marinato,3.67,0.33,0.67,0,1,0.33
46,,Bakhtiyar Zaynutdinov,0,0.24,0,0,0.62,0.24
47,,Egor Filipenko,0,0.15,0,0,1.08,0.08
48,,Fedor Smolov,0,0.21,0,0,1.08,0.04
49,,Lucas Vera,0,0.07,0,0,1.48,0.15
50,,Fernando Costanza,0,0.23,0,0,0.85,0.15
51,,Georgiy Harutyunyan,0,0.5,0,0,0.5,0.5
52,,Alexander Dovbnya,5,0,0,0,1.33,0
53,,Jimmy Marín,0,0,0,0,1.12,0.16
54,,Andrey Mostovoy,0,0,0,0,0.38,0.07
55,,Igor Diveev,0,0.35,0,0,0.6,0.2
56,,Artem Timofeev,0,0.12,0,0,1.12,0.19
57,,Germán Conti,0,0.33,0,0,1,0
58,,Nene Bi Junior Gbamble,0,0,0,0,0.2,0
59,,Darko Todorović,0,0.14,0,0,1,0.14
60,,Roman Akbashev,0,0.14,0,0,1.04,0.21
61,,Ivan Sergeev,0,0,0,0,0.31,0
62,,Damien Le Tallec,0,0,0,0,0.89,0.11
63,,Sergey Pinyaev,0,0,0,0,0.85,0.05
64,,Lazar Ranđelović,0,0,0,0,0.61,0.06
65,,Roman Zobnin,0,0.24,0,0,1,0.24
66,,Ruslan Litvinov,0,0.2,0,0,0.64,0.2
67,,Artem Karpukas,0,0.15,0,0,0.96,0.11
68,,Lucas Fasson,0,0,0,0,0.67,0
69,,Vladimir Pisarskiy,0,0.08,0,0,1.31,0.23
70,,Daniil Glebov,0,0.18,0,0,1.21,0.11
71,,Ivan Kuzmichev,0,0.2,0,0,1.2,0.15
72,,Dmitriy Barinov,0,0.15,0,0,1.26,0.15
73,,Vanja Drkušić,0,0.19,0,0,1.27,0.31
74,,Lechi Sadulaev,0,0.05,0,0,0.73,0.09
75,,Aleksey Evseev,0,0,0,0,0,0
76,,Nikita Krivtsov,0,0.1,0,0,0.95,0.2
77,,Cristian Ramírez,0,0.26,0,0,1.22,0.19
78,,Daniil Fomin,0,0.18,0,0,1.39,0.11
79,,Artur Yusupov,0,0.12,0,0,1.31,0.31
80,,Nikita Burmistrov,0,0,0,0,0.67,0.14
81,,Egor Baburin,4.5,0.15,0.65,0.2,1.95,0.35
82,,Danijel Miškić,0,0.19,0,0,1.3,0.11
83,,Kaio,0,0.2,0,0,1,0.1
84,,Mateo Cassierra,0,0,0,0,0.31,0.12
85,,Wilson Isidor,0,0.05,0,0,1,0.15
86,,Milson,0,0,0,0,0.94,0
87,,Georgi Gongadze,0,0,0,0,0.79,0.07
88,,Nikolay Zabolotnyi,2.8,0.2,0.2,0,0.8,0.2
89,,Aleksandr Chernikov,0,0.15,0,0,0.38,0.08
90,,Moisés,0,0.25,0,0,0.75,0.21
91,,Miloš Šatara,0,0.5,0,0,0.33,0
92,,Silvije Begić,0,0.27,0,0,1.13,0
93,,Anton Miranchuk,0,0,0,0,0.89,0.07
94,,Christopher Martins Pereira,0,0,0,0,0.44,0.33
95,,Aleksey Kashtanov,0,0.04,0,0,1,0.04
96,,Aslan Dashaev,0,0,0,0,1.83,0.67
97,,Anton Mitryushkin,4.89,0.11,0.33,0,2.22,0
98,,Sergey Pesyakov,3.47,0.17,0.2,0,1.33,0.13
99,,Olakunle Olusegun,0,0.17,0,0,0.96,0.17
100,,Joãozinho,0,0.04,0,0,0.78,0
101,,Dmitriy Vorobyev,0,0,0,0,0.77,0.27
102,,Matvey Safonov,3.74,0.26,0.3,0,1.33,0.26
103,,Roberto Fernández,0,0.26,0,0,1.05,0.11
104,,Kirill Kaplenko,0,0.25,0,0,0.9,0.1
105,,Sergey Borodin,0,0.3,0,0,1.1,0.3
106,,Matías Pérez,0,0.3,0,0,1.3,0.2
107,,Nikita Goylo,3.73,0.18,0.36,0,1.45,0.18
108,,Ivan Oleynikov,0,0.08,0,0,0.71,0.08
109,,Mihajlo Banjac,0,0.11,0,0,0.81,0.19
110,,Kirill Gotsuk,0,0.23,0,0,1.46,0.15
111,,Anton Zinkovskiy,0,0.04,0,0,0.46,0.11
112,,Saša Zdjelar,0,0.26,0,0,0.67,0.11
113,,Anton Shunin,3,0.25,0.25,0,1.33,0.08
114,,Benjamín Garré,0,0.08,0,0,0.69,0.15
115,,Keita Baldé,0,0,0,0,0.42,0.17
116,,Dzambolat Tsallagov,0,0,0,0,0.5,0.5
117,,Kirill Folmer,0,0,0,0,0,0.33
118,,Nail Umyarov,0,0.08,0,0,0.75,0.33
119,,Andrey Semenov,0,0.26,0,0,0.95,0.11
120,,Aleksey Ionov,0,0,0,0,1,0.11
121,,Robert Renan,0,0.33,0,0,0.67,0.22
122,,Aleksandr Selikhov,2.59,0.26,0.15,0,1,0.26
123,,Yuri Gorshkov,0,0.13,0,0,1.08,0.13
124,,Butta Magomedov,0,0.09,0,0,1.64,0.14
125,,Konstantin Tyukavin,0,0.04,0,0,0.82,0.07
126,,Gustavo Mantuan,0,0,0,0,0.23,0
127,,Glenn Bijl,0,0.25,0,0,1.11,0.07
128,,Bernard Berisha,0,0.05,0,0,0.9,0.15
129,,Ilya Stefanovich,0,0,0,0,1.83,0.17
130,,Vyacheslav Karavaev,0,0.38,0,0,0.5,0.04
131,,Igor Akinfeev,2.03,0.34,0.17,0.07,0.76,0.17
132,,Dmitri Skopintsev,0,0.14,0,0,1.07,0.1
133,,Ivan Bašić,0,0,0,0,0.87,0.13
134,,Daniil Denisov,0,0.14,0,0,0.83,0.21
135,,Sergey Parshivlyuk,0,0.16,0,0,0.79,0
136,,Danil Kapustyanskiy,0,0,0,0,0.17,0
137,,Aleksander Vasyutin,2.67,0.33,0,0,1,0
138,,Bruno Fuchs,0,0,0,0,0.75,0
139,,Dmitri Tikhiy,0,0.22,0,0,1.78,0
140,,Léo,0,0.08,0,0,2.25,0.17
141,,Dmitri Chistyakov,0,0.13,0,0,0.6,0.2
142,,Vladis-Emmerson Illoy-Ayyet,0,0.14,0,0,1.36,0.14
143,,Alexander Yushin,0,0,0,0,0.58,0
144,,Ilja Zhigulev,0,0,0,0,0.33,0
145,,Timur Suleymanov,0,0.07,0,0,0.89,0.07
146,,Danil Prutsev,0,0.04,0,0,0.78,0.11
147,,Georgiy Dzhikiya,0,0.14,0,0,0.95,0.18
148,,Nuraly Alip,0,0.25,0,0,0.63,0
149,,Anton Shvets,0,0.19,0,0,1.07,0.15
150,,Ibragim Tsallagov,0,0.06,0,0,1.28,0.28
151,,Arsen Adamov,0,0,0,0,0.11,0
152,,Egor Pogostnov,0,0.33,0,0,0.67,0.11
153,,Giorgi Shelia,2.76,0.28,0.07,0,1.1,0.14
154,,Daniil Zorin,0,0,0,0,0,0
155,,Vyacheslav Yakimov,0,0.24,0,0,1.06,0.06
156,,Nicolás Marichal,0,0,0,0,1.57,0.07
157,,Evgeniy Kharin,0,0.12,0,0,0.69,0.12
158,,Tomás Tavares,0,0.08,0,0,1,0.31
159,,Nair Tiknizyan,0,0.14,0,0,1.28,0.17
160,,Ivan Ignatiev,0,0,0,0,0.7,0.1
161,,João Batxi,0,0,0,0,0.57,0.07
162,,Ibrahima Cisse,0,0.12,0,0,1.06,0
163,,Aleksandar Ćirković,0,0,0,0,0.5,0
164,,Miroslav Bogosavac,0,0.24,0,0,1.16,0.16
165,,Aleksandr Kovalenko,0,0.04,0,0,1.22,0.09
166,,Artem Makarchuk,0,0.14,0,0,1.24,0.28
167,,Viktor Melekhin,0,0.04,0,0,1.08,0.08
168,,Denis Makarov,0,0,0,0,0.92,0.08
169,,Georgi Melkadze,0,0,0,0,1,0.21
170,,Mikhail Shchetinin,0,0,0,0,0.33,0
171,,Viktor Aleksandrov,0,0.29,0,0,1,0.06
172,,Mikhail Kerzhakov,1.71,0.46,0.13,0,0.58,0.08
173,,Anton Zabolotnyi,0,0.08,0,0,0.17,0
174,,Daniil Khlusevich,0,0.19,0,0,0.77,0.15
175,,Saba Sazonov,0,0.21,0,0,1.17,0.13
176,,Vitalii Botnar,4,0,0,0,1.75,0
177,,Aleksandr Silyanov,0,0.1,0,0,1.3,0.1
178,,Aleksandr Lomovitskiy,0,0.2,0,0,1.47,0
179,,Oleksandr Filin,0,0.18,0,0,1.82,0
180,,Kirill Shchetinin,0,0.03,0,0,0.7,0.13
181,,Aleksey Mironov,0,0,0,0,0.85,0.08
182,,Vyacheslav Podberezkin,0,0.08,0,0,0.92,0.15
183,,Mamadou Maiga,0,0.29,0,0,0.95,0.14
184,,Yuriy Zhuravlev,0,0.07,0,0,1.29,0.29
185,,Roman Evgenjev,0,0.21,0,0,1.21,0.14
186,,Mateo Barać,0,0.13,0,0,0.63,0
187,,Ivan Komarov,0,0,0,0,0.09,0
188,,Dmitri Poloz,0,0,0,0,0.92,0.08
189,,Eric Bicfalvi,0,0.04,0,0,0.96,0.15
190,,Amar Rahmanović,0,0.06,0,0,0.88,0.12
191,,Aleksandr Soldatenkov,0,0.24,0,0,1.36,0.16
192,,Milan Gajić,0,0.31,0,0,0.52,0.17
193,,Minkail Matsuev,0,0,0,0,0,0
194,,Sergey Bryzgalov,0,0.33,0,0,1,0
195,,Igor Leshchuk,3.17,0.33,0,0,1.67,0.17
196,,Milan Majstorović,0,0.11,0,0,0.89,0
197,,Yaroslav Mikhailov,0,0.1,0,0,1.19,0.14
198,,Nikita Chernov,0,0.08,0,0,0.63,0.21
199,,Danil Krugovoy,0,0.11,0,0,0.16,0.11
200,,Ilzat Akhmetov,0,0,0,0,0.56,0.22
201,,Tin Jedvaj,0,0,0,0,1.79,0.29
202,,Andrey Mendel,0,0.15,0,0,0.69,0.08
203,,Aleksey Sutormin,0,0,0,0,0.21,0
204,,Irakli Kvekveskiri,0,0.04,0,0,1.19,0.26
205,,Yaroslav Gladyshev,0,0,0,0,0.65,0.08
206,,Artem Sokolov,0,0,0,0,0.44,0
207,,Irakliy Chezhia,0,0.25,0,0,2.13,0.13
208,,Roman Ezhov,0,0.18,0,0,1.18,0.18
209,,Yuri Gazinskiy,0,0,0,0,1.07,0.07
210,,Luka Đorđević,0,0,0,0,0.77,0.23
211,,Kirill Ushatov,0,0,0,0,0.43,0
212,,Kirill Suslov,0,0.17,0,0,1.26,0.13
213,,Mingiyan Beveev,0,0.24,0,0,1.04,0.12
214,,Víctor Felipe Méndez,0,0.23,0,0,0.65,0.12
215,,Daniil Khudyakov,3.86,0.07,0.21,0.07,1.93,0.21
216,,Ilya Agapov,0,0.2,0,0,1.27,0.07
217,,Aleksandr Ektov,0,0.2,0,0,1.36,0.24
218,,Evgeni Morozov,0,0.24,0,0,1.2,0.12
219,,Dmitri Zhivoglyadov,0,0.06,0,0,1.19,0.25
220,,Timofey Margasov,0,0.15,0,0,1.15,0.31
221,,Aleksandr Erokhin,0,0.05,0,0,0.1,0.05
222,,Batraz Gurtsiev,0,0,0,0,0.75,0
223,,Victorien Angban,0,0,0,0,0.86,0
224,,Mohamed Konate,0,0.04,0,0,0.5,0.04
225,,Ilya Pomazun,3.17,0.21,0.28,0,1.41,0.14
226,,Khyzyr Appaev,0,0.11,0,0,1.18,0.25
227,,Kevin Pina,0,0.07,0,0,1,0.13
228,,Ivan Lomaev,2.77,0.14,0.32,0.09,1.45,0.14
229,,Nemanja Glavčić,0,0.06,0,0,1.06,0
230,,Igor Kalinin,0,0.27,0,0,0.8,0.13
231,,Sergey Petrov,0,0.16,0,0,0.58,0.16
232,,Ilya Bykovskiy,0,0,0,0,1.14,0.14
233,,Mario Ćurić,0,0.06,0,0,1.53,0.18
234,,Artem Mamin,0,0.33,0,0,1,0.11
235,,Maksim Vityugov,0,0,0,0,0.86,0.04
236,,Rai Vloet,0,0.07,0,0,1,0.07
237,,Stanislav Magkeev,0,0.11,0,0,1.26,0.21
238,,Ilnur Alshin,0,0.09,0,0,0.91,0.22
239,,Denis Yakuba,0,0,0,0,0.7,0
240,,Ivan Temnikov,0,0,0,0,0.75,0
241,,Cristian Tassano,0,0,0,0,2.17,0.33
242,,Igor Konovalov,0,0,0,0,1.33,0.17
243,,Bogdan Ovsyannikov,2.5,0.33,0.5,0,1.17,0.17
244,,Aleksandr Kutitskiy,0,0.09,0,0,0.91,0.05
245,,Vladislav Sarveli,0,0,0,0,0.85,0.15
246,,Mohamed Amin Brahimi,0,0,0,0,0.62,0
247,,Vladislav Kamilov,0,0.2,0,0,0.5,0.1
248,,Bryan Idowu,0,0.19,0,0,1.5,0.13
249,,Khoren Bayramyan,0,0.04,0,0,1.17,0.13
250,,Nikita Kakkoev,0,0.1,0,0,1.14,0.14
251,,Mathias Normann,0,0.14,0,0,0.93,0.14
252,,Dmitriy Stotskiy,0,0.13,0,0,1.29,0.17
253,,Denis Adamov,3.12,0.06,0.24,0.12,1.41,0.29
254,,Dmitry Rybchinskiy,0,0.04,0,0,0.88,0
255,,Reziuan Mirzov,0,0.04,0,0,1.08,0.08
256,,Evgeny Goshev,3.44,0.22,0.44,0.11,1.67,0.33
257,,Oleg Kozhemyakin,0,0.08,0,0,1.72,0.2
258,,Mory Gbane,0,0,0,0,1.05,0
259,,Oleg Dmitriev,0,0,0,0,0.75,0.19
260,,Timur Ayupov,0,0.09,0,0,1.43,0.13
261,,Aleksandr Dolgov,0,0,0,0,0.96,0.04
262,,Andrey Langovich,0,0.05,0,0,0.64,0.14
263,,Ilya Kukharchuk,0,0,0,0,0.81,0
264,,Daniil Chernyakov,0,0,0,0,1.5,0
265,,Marat Bystrov,0,0.15,0,0,1.15,0.2
266,,Elmir Nabiullin,0,0,0,0,1,0
267,,Sergey Babkin,0,0,0,0,0.65,0.18
268,,Zaim Divanović,0,0,0,0,0.4,0
269,,Kirill Kravtsov,0,0.08,0,0,0.63,0.17
270,,Lucas Masoero,0,0.14,0,0,1.48,0.14
271,,Maksim Mukhin,0,0.06,0,0,0.29,0.12
272,,Zelimkhan Bakaev,0,0,0,0,0.06,0.06
273,,Kirill Nababkin,0,0.18,0,0,0.64,0.18
274,,Artur Nigmatullin,3,0.28,0.28,0,1.5,0.11
275,,Zakhar Volkov,0,0.3,0,0,1.8,0.1
276,,Evgeniy Chernov,0,0.09,0,0,1.22,0.09
277,,Denys Kulakov,0,0.11,0,0,1.16,0
278,,Aleksandr Rudenko,0,0.04,0,0,1.56,0
279,,Dmitri Tsypchenko,0,0,0,0,1.04,0.04
280,,Vyacheslav Krotov,0,0,0,0,0.91,0.09
281,,Stefan Šapić,0,0.2,0,0,1,0
282,,Pavel Meleshin,0,0,0,0,0,0.13
283,,Danila Kalin,0,0,0,0,1,0
284,,Matvey Lukin,0,0.5,0,0,0,0
285,,Aleksei Usanov,0,0,0,0,2,0.5
286,,Ivan Miladinović,0,0.11,0,0,0.67,0.33
287,,Aleksey Nikitin,0,0.11,0,0,1.56,0
288,,Edgar Sevikyan,0,0,0,0,0.2,0.2
289,,Andrey Egorychev,0,0.19,0,0,1.1,0.14
290,,Ravil Netfullin,0,0,0,0,1.3,0.25
291,,David Karaev,0,0.04,0,0,1.21,0.14
292,,Vasili Cherov,0,0.08,0,0,0.72,0.24
293,,Petar Golubović,0,0.08,0,0,2.25,0.17
294,,Vladislav Karapuzov,0,0.05,0,0,0.55,0.05
295,,Stepan Oganesyan,0,0,0,0,0.6,0.05
296,,Danila Prokhin,0,0,0,0,0.84,0.16
297,,Vyacheslav Grulev,0,0.04,0,0,0.58,0.12
298,,Ilya Kutepov,0,0.13,0,0,1.25,0.25
299,,Danil Kazantsev,0,0.14,0,0,1.57,0.29
300,,Yuri Kovalev,0,0,0,0,0.5,0.15
301,,Kirill Pechenin,0,0.11,0,0,1.47,0.21
302,,Luka Gagnidze,0,0.2,0,0,0.9,0
303,,Zoran Nižić,0,0.18,0,0,1,0.09
304,,Pavel Maslov,0,0.11,0,0,0.63,0.11
305,,Victor Moses,0,0,0,0,0.2,0.1
306,,Kirill Zaika,0,0,0,0,0.73,0.27
307,,Egor Golenkov,0,0,0,0,0.62,0.03
308,,Aleksandr Troshechkin,0,0,0,0,1.11,0.11
309,,Gamid Agalarov,0,0,0,0,0.45,0.14
310,,François Kamano,0,0.04,0,0,0.79,0.14
311,,André,0,0,0,0,1.6,0.2
312,,Adolfo Gaich,0,0,0,0,0,0
313,,Daniil Penchikov,0,0,0,0,1,0.25
314,,Igor Yurganov,0,0.1,0,0,1.3,0.3
315,,Sergey Terekhov,0,0.19,0,0,1.3,0.22
316,,Nicolas Moumie Ngamaleu,0,0.05,0,0,1.11,0
317,,Alexis Duarte,0,0,0,0,1,0.29
318,,Leon Klassen,0,0,0,0,0.36,0.09
319,,Mark Mampasi,0,0,0,0,0.71,0.14
320,,Fanil Sungatulin,0,0,0,0,0.63,0.08
321,,Maksim Maksimov,0,0,0,0,0.75,0.17
322,,Denis Glushakov,0,0,0,0,1.75,0.05
323,,Vladimir Iljin,0,0,0,0,0.59,0.11
324,,Mihail Caimacov,0,0,0,0,0.6,0.1
325,,Moses David Cobnan,0,0,0,0,0.5,0.1
326,,Sergey Volkov,0,0.15,0,0,1.15,0.26
327,,Aleksandr Koksharov,0,0,0,0,0.14,0
328,,Vadim Rakov,0,0,0,0,0.22,0
329,,Marcos Guilherme,0,0,0,0,0.9,0.1
330,,Diego Laxalt,0,0,0,0,1.11,0
331,,Rifat Zhemaletdinov,0,0,0,0,0.55,0
332,,Nikolay Sysuev,2.64,0.27,0.27,0,1.36,0.18
333,,Ilya Svinov,2.5,0.29,0.38,0.04,1.33,0.13
334,,Mikhail Ignatov,0,0,0,0,0.71,0.14
335,,Aleksey Pomerko,0,0,0,0,1.63,0.25
336,,Aleksandr Ryazantsev,0,0.06,0,0,1.19,0.25
337,,Ruslan Apekov,0,0,0,0,1,0
338,,Mikhail Sivakov,0,0.13,0,0,1.33,0.25
339,,Rizvan Utsiev,0,0.25,0,0,0.69,0.06
340,,Igor Lebedenko,0,0.05,0,0,0.95,0.18
341,,Timofey Shipunov,0,0,0,0,0.47,0.27
342,,Alikhan Shavaev,0,0,0,0,0.67,0
343,,Vladislav Shitov,0,0,0,0,0.39,0.09
344,,Danila Khotulev,0,0.29,0,0,1.64,0.29
345,,Roman Tugarev,0,0.04,0,0,0.71,0.13
346,,Stepan Melnikov,0,0,0,0,0.2,0
347,,Ibrokhim Yuldoshev,0,0.07,0,0,0.81,0.11
348,,Igor Savić,0,0.14,0,0,1.36,0.07
349,,Artur Chernyi,0,0,0,0,0.91,0
350,,Magomed Shapi Suleymanov,0,0,0,0,0.25,0
351,,Vladislav Yakovlev,0,0,0,0,0.35,0.1
352,,Mateo Stamatov,0,0.13,0,0,0.8,0.13
353,,Vyacheslav Litvinov,0,0.17,0,0,1.06,0.22
354,,Konstantin Maradishvili,0,0,0,0,0.71,0
355,,Shamar Nicholson,0,0,0,0,0.32,0
356,,Daniil Lesovoy,0,0,0,0,0.31,0
357,,Ilya Gaponov,0,0.13,0,0,1.06,0.06
358,,Gyrano Kerk,0,0,0,0,1.06,0.24
359,,Vladimir Obukhov,0,0,0,0,0.55,0.18
360,,Ayaz Guliev,0,0.11,0,0,2.16,0.11
361,,Artem Samsonov,0,0.05,0,0,1.59,0.23
362,,Ákos Kecskés,0,0,0,0,1,0
363,,Luka Tsulukidze,0,0,0,0,0,0
364,,Rustam Khalnazarov,0,0,0,0,0,1
365,,Dmytro Ivanisenia,0,0,0,0,2.5,0
366,,Dmitriy Kratkov,0,0,0,0,0,0.5
367,,Magomed Yakuev,0,0,0,0,0,0
368,,Aleksey Baranovskiy,0,0,0,0,0,0
369,,Miha Mevlja,0,0,0,0,0.5,0
370,,Daniil Odoevski,1.25,0.5,0,0,0,0.25
371,,Nikolay Rasskazov,0,0.06,0,0,0.81,0.13
372,,Daniil Kulikov,0,0.08,0,0,1,0
373,,Leo Goglichidze,0,0.12,0,0,0.73,0.12
374,,Eli Dasa,0,0.09,0,0,1.32,0.14
375,,Maciej Rybus,0,0,0,0,0.38,0.25
376,,Ruslan Magal,0,0,0,0,1,0.24
377,,Kirill Glebov,0,0,0,0,0.33,0
378,,Artem Ntumba Muamba,0,0,0,0,0,0
379,,Kirill Bozhenov,0,0,0,0,1.27,0
380,,Nikola Antić,0,0.09,0,0,1.64,0.09
381,,Amur Kalmykov,0,0,0,0,0.8,0
382,,Egor Danilkin,0,0,0,0,1.4,0
383,,Evgeniy Tatarinov,0,0,0,0,0.2,0
384,,Oleg Shatov,0,0,0,0,0.75,0.25
385,,Yordy Reyna,0,0,0,0,1.55,0.27
386,,Alexey Keniaykin,2.73,0.18,0,0,1.64,0.18
387,,Maksim Turishchev,0,0,0,0,1,0.21
388,,Igor Smolnikov,0,0.09,0,0,1.18,0.14
389,,Evgeniy Markov,0,0,0,0,0.78,0
390,,Vladislav Samko,0,0,0,0,0,0.33
391,,Nikolay Titkov,0,0,0,0,0.31,0.06
392,,Vitaliy Gudiev,3.88,0.13,0.13,0,2.38,0.38
393,,Maksim Nenakhov,0,0.15,0,0,0.9,0.05
394,,Vladimir Poluyakhtov,0,0.05,0,0,0.8,0.05
395,,Denis Terentjev,0,0,0,0,0.63,0.06
396,,Roman Yuzepchuk,0,0.09,0,0,2,0.18
397,,Lachezar Kotev,0,0,0,0,1.5,0
398,,Maksim Danilin,0,0,0,0,0,0
399,,Aleksey Gorodovoy,3.5,0,0.5,0,1.5,0.67
400,,Stefan Melentijević,0,0,0,0,1.13,0.13
401,,Mario Mitaj,0,0.07,0,0,0.57,0.07
402,,Albert Sharipov,0,0,0,0,1.19,0.06
403,,Mukhammad Sultonov,0,0,0,0,0.89,0.11
404,,Amir Batyrev,0,0,0,0,0.67,0.11
405,,Egor Sorokin,0,0.14,0,0,1.86,0.14
406,,Reda Rabeï,0,0,0,0,0.4,0.3
407,,Ilya Berkovskyi,0,0,0,0,0.5,0
408,,Khozhimat Erkinov,0,0.05,0,0,1.05,0.15
409,,Danil Lipovoy,0,0,0,0,0.2,0
410,,Aleksei Gerasimov,0,0.11,0,0,1.11,0.22
411,,Ivan Enin,0,0,0,0,1.27,0.14
412,,Daniil Kornyushin,0,0.07,0,0,1.36,0.07
413,,Márk Koszta,0,0,0,0,0.5,0
414,,Aleksander Zuev,0,0.04,0,0,1.13,0
415,,Aleksandr Orekhov,0,0,0,0,2.2,0
416,,Irakliy Manelov,0,0,0,0,0.56,0.11
417,,Moussa Sissako,0,0,0,0,1.2,0.4
418,,Vladimir Khubulov,0,0,0,0,0.57,0.1
419,,Maximiliano Caufriez,0,0,0,0,0,0
420,,Ifeany David Ndouka,0,0,0,0,1,0
421,,Ilya Ishkov,0,0,0,0,0,0
422,,Abdulla Bagamaev,0,0,0,0,0,0
423,,Georgi Karginov,0,0,0,0,2,1
424,,David Kokoev,0,0,0,0,0,1
425,,Oston Urunov,0,0,0,0,1,0
426,,Diego Acosta,0,0,0,0,0.5,0
427,,Ilya Charniak,0,0,0,0,0,0
428,,Roman Emelyanov,0,0,0,0,0,0
429,,Georgi Schennikov,0,0,0,0,1,0
430,,Denis Laptev,0,0,0,0,0.25,0.25
431,,Jajá,0,0,0,0,0.5,0
432,,Ramazan Gadzimuradov,0,0,0,0,0.7,0.1
433,,Nikita Ermakov,0,0,0,0,0.23,0.05
434,,Yuri Zheleznov,0,0,0,0,0.4,0.13
435,,Bojan Roganović,0,0.08,0,0,1.58,0.17
436,,Vladislav Masternoy,0,0.09,0,0,0.27,0
437,,Marko Rakonjac,0,0,0,0,1.08,0.17
438,,Georgi Zotov,0,0.08,0,0,0.75,0.08
439,,Momo Yansane,0,0,0,0,0.6,0.07
440,,Evgeni Shlyakov,0,0,0,0,1.82,0.06
441,,Andrey Malykh,0,0.13,0,0,1.63,0.25
442,,Egor Noskov,0,0,0,0,0.5,0
443,,Egor Proshkin,0,0,0,0,0.92,0.25
444,,Ilya Sadygov,0,0,0,0,0.95,0.05
445,,Dzhambulat Dulaev,0,0,0,0,1,0.33
446,,Ilya Kamyshev,0,0,0,0,0.75,0
447,,David Kobesov,0,0,0,0,0.83,0
448,,Miguel,0,0,0,0,0.5,0.5
449,,Sergey Gorshkov,0,0,0,0,0.5,0
450,,Matvey Ivakhnov,0,0,0,0,0.3,0.1
451,,Artem Meshchaninov,0,0.06,0,0,1.47,0.12
452,,Konstantin Shiltsov,0,0,0,0,0.7,0.1
453,,Kemal Ademi,0,0,0,0,0,0
454,,Maksim Petrov,0,0,0,0,0,0
455,,Danila Kozlov,0,0,0,0,0,0
456,,Oleg Isaenko,0,0,0,0,0.67,0
457,,Aleksey Shumskikh,0,0,0,0,1.67,0
458,,Bogdan Reichman,0,0,0,0,1.38,0.13
459,,Aleksandr Selyava,0,0,0,0,0.75,0
460,,Artem Simonyan,0,0,0,0,1.5,0
461,,Pedrinho,0,0,0,0,1.5,0.17
462,,Aleksandr Pavlovets,0,0,0,0,2.14,0.14
463,,Lev Skvortsov,0,0,0,0,2,0
464,,Janio Bikel,0,0.09,0,0,1.64,0.09
465,,Jonathan Okoronkwo,0,0,0,0,0,0
466,,Vitaliy Shitov,0,0,0,0,0,0
467,,Nikita Ershov,0,0,0,0,1,0
468,,Danil Massurenko,0,0,0,0,1,0
469,,David Toševski,0,0,0,0,0,0
470,,Egor Ushakov,0,0,0,0,0.5,0
471,,Artem Yuran,0,0,0,0,0,0
472,,Vitaliy Lystsov,0,0.13,0,0,1.75,0
473,,Ulvi Babaev,0,0,0,0,0,0
474,,Islam Alsultanov,0,0,0,0,2,0
475,,Dmitri Pivovarov,0,0,0,0,1,0
476,,Soslan Dzhanaev,2.56,0.22,0.22,0,1.67,0.44
477,,Mikhail Oparin,2,0,0,0,0.5,0.5
478,,Mikhail Smirnov,0,0,0,0,3,0
479,,Daniil Martovoy,0,0,0,0,0,0
480,,Vladislav Saus,0,0,0,0,0,0
481,,Mikhail Sukhoruchenko,0,0,0,0,0,0
