#,Team,Name,Tackles,Errors lead to goal,Interceptions,Penalty committed,Clearances,Dribbled past
1,,Antoine Griezmann,1.29,0,0.63,0,0.79,1.21
2,,Leo Román,0,0,0,0,0,0
3,,Karim Benzema,0.38,0,0.08,0,0.21,0.38
4,,Toni Kroos,1.7,0,0.8,0.03,0.23,1.53
5,,Aleix García,1.23,0,1.03,0,0.93,0.6
6,,David Gil,0,0,0,0,1.25,0
7,,Robert Lewandowski,0.5,0,0.06,0,0.41,0.21
8,,Gerónimo Rulli,0,0,0.07,0,0.71,0
9,,Pedri,1.5,0,0.5,0,0.27,1.23
10,,Raphinha,0.81,0,0.39,0,0.31,0.56
11,,Federico Valverde,0.91,0,0.5,0,0.44,0.38
12,,Dani Parejo,1.92,0.03,0.78,0.03,0.81,1.22
13,,Frenkie de Jong,1.39,0,1.06,0,0.64,0.73
14,,Éder Militão,1.39,0.03,1.24,0.03,3,0.21
15,,Sergio Busquets,1.93,0,0.9,0,1.03,0.73
16,,Marco Asensio,0.52,0,0.16,0.03,0.1,0.32
17,,Rodrigo de Paul,1.17,0,0.27,0,0.13,0.57
18,,Félix Garreta,1,0,1,0,4,0
19,,Iago Aspas,0.22,0,0.19,0,0.57,0.51
20,,Jordi Alba,1.04,0,0.46,0,0.58,0.67
21,,Ousmane Dembélé,0.76,0,0,0,0.04,0.44
22,,Sergi Darder,1.82,0,0.63,0,0.55,1.16
23,,Jeremías Ledesma,0.09,0.03,0.06,0.03,1.5,0.12
24,,José María Giménez,1.54,0,0.86,0.04,4.82,0.39
25,,José Luis Gayà,2.58,0,0.74,0,1.26,1
26,,Marc-André ter Stegen,0,0,0.03,0,0.61,0
27,,Claudio Bravo,0,0,0.17,0,0.67,0
28,,Enes Ünal,0.74,0,0.17,0,0.97,0.51
29,,Gerard Piqué,0.83,0,0.33,0,3.17,0
30,,Thibaut Courtois,0.03,0.03,0.1,0,0.32,0
31,,Gerard Gumbau,1.26,0,0.8,0,1.09,0.94
32,,Aurélien Tchouaméni,1.94,0,1.48,0,1.52,0.45
33,,Kang-in Lee,1.17,0,0.31,0,0.14,1.19
34,,Lucas Robertone,1.35,0,1.24,0,1.14,0.97
35,,Mikel Merino,2.33,0,0.61,0,1.52,0.94
36,,Rodrygo,0.5,0,0.24,0,0.12,0.56
37,,David López,1.55,0.05,0.7,0,3.15,0.4
38,,Jules Koundé,1.28,0.03,0.66,0,1.93,0.34
39,,Jorge Pascual,0,0,0,0,0,0
40,,Alvaro Aceves Catalina,0,0,0,0,0,0
41,,Giovani Lo Celso,1.45,0,0.27,0,0.09,0.41
42,,Joselu,0.38,0,0.24,0,1.24,0.38
43,,Moi Gómez,0.79,0,0.3,0,0.15,0.52
44,,Antonio Raíllo,1.1,0.03,1,0,5.06,0.16
45,,Guido Rodríguez,3.38,0.03,1.24,0,2,1.38
46,,Carlos Soler,0.67,0,0,0,0.67,0.33
47,,Aitor Fernández,0.05,0,0.1,0,1.38,0.05
48,,Gonzalo Escalante,2.5,0,1.21,0.07,1.71,1
49,,Jordi Masip,0,0.07,0.04,0,0.5,0.07
50,,Loïc Badé,1.42,0,1.21,0,3.89,0.68
51,,Vinícius Júnior,0.91,0,0.18,0,0,0.76
52,,Andreas Christensen,0.87,0,0.91,0,2,0.26
53,,Brais Méndez,1.71,0,0.35,0,0.41,1.15
54,,Pau Torres,1.26,0.03,0.38,0,4.09,0.38
55,,Isi Palazón,1.22,0,0.46,0,0.73,1.14
56,,Takefusa Kubo,1.26,0,0.26,0,0.09,0.63
57,,Lucas Vázquez,1.48,0,0.3,0,0.43,0.35
58,,Ronald Araújo,1.18,0,0.55,0,1.77,0.14
59,,Nicolas Jackson,0.54,0,0.08,0,0.12,0.23
60,,Reinildo Mandava,3,0,1.36,0,2.36,0.5
61,,Marcos Acuña,1.9,0,0.77,0.03,1.07,0.4
62,,Vedat Muriqi,0.34,0,0.34,0,2.09,0.29
63,,Viktor Tsygankov,0.42,0,0.37,0,0.47,0.68
64,,Juan Foyth,3.04,0,0.83,0.04,2.38,0.67
65,,David Silva,1.29,0,0.54,0,0.57,0.29
66,,Carlos García,0,0,0,0,2,0
67,,Marko Dmitrović,0,0,0,0,0.93,0
68,,Iñigo Martínez,1.2,0,1.2,0,3.53,0.2
69,,Iker Muniain,0.7,0,0.13,0,0.07,0.37
70,,Álex Remiro,0.03,0.03,0,0,0.74,0.05
71,,Álvaro García,1.4,0.03,0.97,0,0.46,0.63
72,,Sergio Canales,0.81,0,0.45,0,0.19,0.61
73,,Édgar Badía,0.03,0.03,0,0.03,1.06,0.03
74,,Marcos Llorente,1.45,0,0.77,0.05,0.77,0.59
75,,Geoffrey Kondogbia,2,0,1.3,0,0.55,0.4
76,,Juan Miranda,1.1,0,0.95,0.05,2.43,0.71
77,,João Félix,0.71,0,0.21,0,0.14,0.36
78,,David Soria,0,0.08,0.03,0,0.92,0.03
79,,Yeray Álvarez,1.21,0,1.71,0.07,3.57,0.25
80,,Yuri Berchiche,1.93,0,1.38,0.03,1.69,0.86
81,,Gabri Veiga,1.19,0,0.58,0,0.14,1
82,,Nemanja Gudelj,1.26,0,1,0,2.91,0.38
83,,Gerard Moreno,0.52,0,0.24,0,0.48,0.14
84,,Iza Carcelén,2.56,0,0.7,0.04,2.48,0.81
85,,Luka Modrić,0.58,0,0.3,0,0.18,0.45
86,,José Copete,1.89,0.04,1.57,0.04,3.54,0.36
87,,Luis Milla,1.78,0,1.19,0.04,0.89,0.93
88,,Raúl Albiol,1,0,0.56,0,4.28,0.16
89,,André Almeida,1.94,0,0.59,0,0.44,0.91
90,,Mario Hermoso,0.85,0,0.73,0.04,2.92,0.81
91,,Anuar,1.33,0,1,0,0.67,0
92,,Héctor Bellerín,0.67,0,1,0,0.33,0.33
93,,David García,1.06,0,1.41,0.03,4.69,0.09
94,,Rui Silva,0.15,0,0,0,0.62,0
95,,Sergi Roberto,0.96,0,0.48,0,0.57,0.48
96,,Dani Ceballos,1.43,0.03,0.83,0,0.17,1.3
97,,Suso,0.64,0,0.08,0,0.08,0.48
98,,William Carvalho,1.27,0,0.48,0,0.64,0.82
99,,Jan Oblak,0,0,0.04,0,0.5,0
100,,Robin Le Normand,1.09,0,1,0,2.76,0.39
101,,Adrián Embarba,1.67,0,0.3,0,0.2,0.8
102,,Fernando Martínez,0,0.03,0.03,0,0.65,0.05
103,,Eric García,1,0,0.79,0.08,1.42,0.46
104,,Ivo Grbić,0,0.08,0,0.08,1.5,0
105,,Alejandro Baena,0.86,0,0.2,0.03,0.37,0.86
106,,Alex Collado,1.73,0,0.13,0,0.27,0.33
107,,Omar Mascarell,1.89,0,1.61,0,1.86,1.18
108,,Samuel Chukwueze,0.38,0,0.32,0,0.38,0.43
109,,Unai Núñez,1.31,0.03,2,0,3.67,0.44
110,,José Gragera,2.11,0,0.78,0,1.89,0.56
111,,Eray Cömert,1.52,0,1.26,0,3.22,0.7
112,,Martín Zubimendi,1.64,0.03,1.03,0.03,1.44,0.58
113,,Monchu,1.52,0,0.55,0.03,0.55,0.82
114,,Álvaro Aguado,0.79,0,0.38,0.03,0.38,0.29
115,,Alejandro Catena,0.83,0,0.8,0,4.49,0.4
116,,Youssouf Sabaly,1.96,0,0.83,0,2.04,0.48
117,,Luis Hernández,0.94,0,0.89,0,4.06,0.4
118,,Fernando Medrano,2,0,1,0,1,0
119,,Paulo Gazzaniga,0,0.11,0.04,0,0.43,0.04
120,,Germán Pezzella,1.32,0,1.58,0,4.16,0.39
121,,Marcos Alonso,0.63,0,0.46,0.04,1.25,0.13
122,,Aridane Hernández,0.91,0,1.22,0,4.09,0.57
123,,Álex Berenguer,1.57,0,0.27,0,0.11,1
124,,Álvaro Morata,0.44,0,0,0,0.64,0.14
125,,Iñaki Williams,0.61,0,0.19,0,0.92,0.42
126,,Thierry Correia,2.63,0.04,0.89,0,1.7,0.85
127,,Mauro Arambarri,1.08,0,1.08,0,1.46,1.08
128,,Samuel Lino,1.74,0,0.47,0,0.24,1.21
129,,Oriol Romeu,2.12,0,1.12,0.03,1.45,0.76
130,,Cyle Larin,0.47,0,0,0.05,0.79,0.21
131,,Edu Expósito,1.21,0,0.43,0,0.68,0.36
132,,Alejandro Balde,1.27,0,0.36,0,0.36,0.52
133,,Martin Valjent,1.17,0,0.97,0.03,4.4,0.3
134,,Ante Budimir,0.61,0,0.16,0,0.61,0.26
135,,Lázaro,0.21,0,0.11,0,0.05,0.63
136,,Predrag Rajković,0,0.03,0,0.03,0.92,0.06
137,,Koke,1.67,0,0.61,0,0.58,1.33
138,,Yéremy Pino,1.72,0,0.42,0,0.69,0.97
139,,Gavi,1.31,0,0.5,0,0.61,0.94
140,,Nahuel Molina,2.09,0.03,0.55,0,1.36,1.58
141,,Mouctar Diakhaby,1.03,0.03,0.69,0,3.62,0.24
142,,Borja Iglesias,0.23,0,0.03,0,0.49,0.31
143,,Santiago Bueno,1.85,0.06,0.91,0.03,3,0.35
144,,Eduardo Camavinga,1.84,0,0.46,0,0.54,1.08
145,,Igor Zubeldia,1.13,0,0.68,0,2.94,0.29
146,,Aïssa Mandi,0.86,0,1,0,2.76,0.29
147,,Diego Rico,1.75,0,1,0,1.95,0.75
148,,Ivan Rakitić,1.19,0,0.87,0,0.61,0.68
149,,Étienne Capoue,0.75,0,0.68,0,0.68,0.29
150,,Stefan Savić,1.77,0,1.5,0,2.73,0.59
151,,Chimy Ávila,0.28,0,0.28,0,0.48,0.59
152,,David Alaba,0.65,0,0.61,0.04,1.57,0.26
153,,Memphis Depay,0.2,0,0,0,0,0.2
154,,Pepe Reina,0,0.09,0.05,0,0.41,0.05
155,,Sergio Herrera,0.12,0,0.06,0.06,0.41,0
156,,Mikel Vesga,1.58,0.03,1,0,1.03,1.19
157,,Antonio Rüdiger,0.55,0,0.58,0,2.06,0.27
158,,Chris Ramos,0.8,0,0.07,0,1.27,0.47
159,,Iñigo Ruiz de Galarreta,1.8,0,1,0.03,0.57,1.07
160,,Joseph Aidoo,1.46,0,0.89,0.03,4.06,0.34
161,,Javi Galán,2.81,0,1.11,0.03,1.49,1.35
162,,Brian Oliván,1.57,0,0.73,0,1.93,0.3
163,,Hugo Mallo,2.04,0,0.92,0.04,2.46,0.54
164,,Jose Antonio de la Rosa,1,0,0,0,0,0
165,,Rober González,0,0,0.5,0,0,0.5
166,,Sergio Camello,0.42,0,0.05,0,0.68,0.32
167,,Daniel Vivian,1.97,0.03,0.83,0,3,0.31
168,,Yannick Carrasco,1,0,0.34,0,0.46,0.89
169,,Fernando,1.55,0,1.09,0,1.23,0.55
170,,Víctor Ruiz,0.5,0,0.6,0,3.2,0
171,,Óscar Rodríguez,0.97,0,0.73,0.03,0.39,0.45
172,,Thomas Lemar,1.11,0,0.26,0,0.41,0.67
173,,Marcão,0.4,0,1.2,0,2.6,0
174,,Vinícius Souza,2.94,0.03,1.41,0.06,1.35,0.76
175,,Nacho Fernández,0.89,0,0.67,0,1.22,0.63
176,,Rodri Sánchez,0.53,0,0.43,0,0.03,0.3
177,,Nabil Fekir,0.73,0,0.07,0,0,0.47
178,,Jon Ander Olasagasti,1.33,0,0,0,0.33,0.33
179,,Diego Lopez,0.2,0,0.3,0,0.2,1.3
180,,Fernando Pacheco,0,0,0.06,0,1.06,0.06
181,,Valentin Castellanos,0.34,0,0.17,0,0.74,0.51
182,,Alfonso Espino,2.42,0.06,1.33,0.08,2.44,1.33
183,,Ansu Fati,0.44,0,0.14,0,0.14,0.36
184,,Jawad El Yamiq,0.68,0,1.48,0.04,3.84,0.2
185,,Giorgi Mamardashvili,0,0.08,0.03,0.03,0.63,0
186,,Gorka Guruzeta,0.8,0,0.13,0,0.23,0.43
187,,Raúl de Tomás,0.16,0,0,0,0.32,0.21
188,,Papu Gómez,0.32,0,0.21,0.05,0.26,0.42
189,,Rubén García,0.69,0,0.41,0,0.28,0.59
190,,Santi Comesaña,2.03,0,0.91,0,0.43,1.26
191,,Andrés Guardado,1.58,0,0.85,0,0.85,0.96
192,,Álex Moreno,1.93,0,1.13,0.07,2.2,1.2
193,,Franco Cervi,2.11,0,1,0,0.39,0.92
194,,Samu Castillejo,0.84,0,0.36,0,0,1.28
195,,Andriy Lunin,0,0,0,0,0.29,0
196,,Oihan Sancet,0.75,0,0.11,0,0.25,0.72
197,,Manu Morlanes,1.56,0,0.38,0,0.69,0.69
198,,Sergio Escudero,1.43,0,1.13,0,1.7,0.87
199,,Cenk Özkaçar,1.59,0.06,0.71,0,2.71,0.29
200,,Julen Agirrezabala,0,0,0,0,0.38,0
201,,El Bilal Touré,0.19,0,0.05,0,1,0.14
202,,Justin Kluivert,0.65,0,0.27,0,0.12,0.23
203,,Kiko Femenía,0.9,0,1,0,1.05,0.25
204,,Iván Sánchez,0.8,0,0.32,0,0.16,0.68
205,,Saúl Ñíguez,1.35,0,0.48,0.03,0.84,0.48
206,,Pablo Maffeo,2.14,0,0.74,0,1.66,0.94
207,,Nico Williams,0.86,0,0.22,0,0.19,0.61
208,,Kike Pérez,1.86,0,0.56,0,0.72,1.19
209,,Jesús Corona,0.25,0,0.25,0,0.25,0.25
210,,Alexander Isak,0.5,0,0,0,1,0
211,,Isco,1.25,0,0.83,0,0.25,0.5
212,,Jorge Cuenca,0.9,0,0.6,0.1,4.3,0.3
213,,Álvaro Odriozola,0,0,0,0,0,0
214,,Federico Fernández,1,0,2,0,12,0
215,,Dominik Greif,0,0,0,0,0,0
216,,Kike Barja,0.56,0,0.15,0,0.11,0.59
217,,Dani García,1.84,0.04,0.76,0,0.8,0.72
218,,Óscar de Marcos,1.81,0,0.78,0,1.51,0.97
219,,Jon Moncayola,1.49,0.03,0.46,0,0.76,1.24
220,,Ferran Torres,0.39,0,0.09,0,0.12,0.45
221,,Youssef En-Nesyri,0.52,0,0.13,0,0.52,0.32
222,,Omar Alderete,1.4,0,1.04,0,3.28,0.48
223,,Rodrigo Ely,0.83,0,0.86,0,5.61,0.19
224,,Luiz Felipe,1.48,0,1.22,0,4.35,0.7
225,,Arnau Martínez,2.09,0,0.76,0.03,1.36,1.42
226,,Samuel Costa,1.91,0,1.16,0,1.91,1
227,,Gabriel Paulista,0.81,0,1.52,0.05,3.67,0.29
228,,Unai Simón,0.06,0.03,0,0,0.42,0
229,,Álvaro Negredo,0.24,0,0,0,0.38,0
230,,Hugo Guillamón,0.8,0,0.76,0.08,1.12,0.64
231,,Pere Milla,1,0,0.29,0,0.55,0.87
232,,Fran García,2.21,0,1.16,0.05,1.34,1.08
233,,Kike Salas,0.17,0,0.83,0.17,3.83,0
234,,Paul Akouokou,1.33,0,1,0,1.33,0.58
235,,Javi Sánchez,1.34,0,1.44,0.06,3.47,0.28
236,,Álvaro Rodríguez,0.33,0,0,0,0.17,0
237,,Alfonso Pedraza,1.35,0,0.69,0,0.81,0.38
238,,Lucas Pérez,0.21,0,0.07,0,0.21,0.14
239,,Luis Pérez,2.44,0,0.89,0,1.44,0.61
240,,Domingos Duarte,0.84,0,1.26,0.06,4.52,0.23
241,,Jon Pacheco,0.94,0.06,0.71,0.06,2.18,0.24
242,,Ander Guevara,0.63,0,0.25,0,0.38,0.38
243,,Joaquín Fernández,1.3,0,1,0.04,3.59,0.41
244,,Asier Illarramendi,1.5,0,0.75,0,0.67,1.17
245,,Óscar Plano,1.21,0,0.88,0,0.55,0.76
246,,Lucas Torró,1.45,0,1.27,0,1.94,0.73
247,,Nemanja Maksimović,1.41,0,1.17,0,0.93,0.45
248,,Fran Beltrán,0.94,0,1.47,0.03,0.92,1.14
249,,Edinson Cavani,0.28,0,0.08,0,0.4,0.48
250,,Carlos Clerc,2.34,0,0.88,0,2.56,0.59
251,,Selim Amallah,2.14,0,0.71,0,0.14,0.43
252,,Axel Witsel,1.09,0,0.7,0,2.21,0.42
253,,Jesús Navas,0.59,0,0.69,0,1.31,0.34
254,,Daniel Carvajal,1.19,0,0.56,0.04,1.48,0.63
255,,Álex Sola,1.7,0,0.7,0,1,0.3
256,,Agustín Marchesín,0,0,0,0,0.63,0.05
257,,Zouhair Feddal,0.5,0,0.63,0.13,3.38,0.13
258,,Abdessamad Ezzalzouli,1.04,0,0.14,0,0.21,0.36
259,,Stole Dimitrievski,0.03,0.08,0.03,0,0.81,0.03
260,,Dani Rodríguez,1.2,0,0.6,0,0.26,0.71
261,,Juanmi Latasa,0.28,0,0.06,0,0.44,0
262,,Théo Bongonda,0.9,0,0.19,0,0.26,0.74
263,,Damián Suárez,1.75,0,0.54,0,1.07,0.79
264,,Munir El Haddadi,0.43,0,0.32,0,0.14,0.29
265,,Alexander Sørloth,0.53,0,0.06,0,0.76,0.21
266,,Léo Baptistão,1.14,0,0.68,0,0.32,0.71
267,,Joaquín,0.14,0,0.18,0,0.18,0.09
268,,Malcom Ares,0.5,0,0.25,0,0.13,0
269,,Curro,1,0,0,0,0,0.5
270,,Manu Bueno,3.5,0,0,0,1,1.5
271,,Jon Magunazelaia,0.5,0,0,0,0.5,1
272,,Williot Swedberg,0.75,0,0,0,0.25,0
273,,Lucas Rosa,2.29,0,0.88,0,1.12,0.47
274,,Yan Couto,1,0,0.2,0,0.4,0.32
275,,Ilaix Moriba,1.46,0,0.17,0,0.5,0.42
276,,Borja García,0.91,0,0.45,0,0.36,0.64
277,,Martin Braithwaite,0.39,0,0.16,0,0.35,0.29
278,,Íñigo Lekue,1.2,0.05,0.65,0,1.25,0.35
279,,Fali,1.08,0,0.52,0,2.68,0.44
280,,Joan Jordán,1.39,0.04,0.7,0,0.57,0.96
281,,Lucas Olaza,1.04,0,0.61,0,1.3,0.39
282,,Lisandro Magallán,1.36,0,0.93,0,2.14,0.14
283,,Óscar Valentín,2.71,0,1.29,0,0.76,2.21
284,,Ángel Correa,0.34,0.03,0.29,0,0.14,0.31
285,,Lucas Boyé,1.03,0,0.43,0,1.29,0.51
286,,Tete Morente,1.03,0,0.78,0.03,0.75,0.66
287,,Florian Lejeune,0.9,0,0.48,0.03,3.84,0.26
288,,Ramón Terrats,0.79,0,0.46,0,0.38,0.5
289,,Ander Barrenetxea,0.91,0,0.22,0,0.3,0.7
290,,Luis Javier Suárez,0.81,0,0.14,0,0.48,0.95
291,,Andoni Gorosabel,1.52,0,0.63,0,0.78,0.63
292,,Felipe,1,0,0,0,2.33,0.67
293,,Javier Hernández,0.84,0,0.28,0.04,1.44,0.32
294,,Lucas Ocampos,1.16,0,0.42,0,0.26,1.21
295,,Fernando Calero,1.7,0,0.48,0,1.93,0.48
296,,Gonzalo Melero,1.19,0,0.26,0,0.7,1.04
297,,Manu Vallejo,0.57,0,0.14,0,0.14,0.71
298,,Nicolás González,1.04,0,0.73,0.04,0.54,0.62
299,,Álex Centelles,1.47,0,0.73,0,2.27,0.4
300,,Cristhian Stuani,0.41,0,0.06,0,0.16,0.28
301,,Jørgen Strand Larsen,0.47,0,0.09,0,0.75,0.72
302,,Francis Coquelin,1.13,0,0.56,0,0.38,0
303,,Juan Iglesias,1.91,0,0.66,0,2.19,1
304,,Aitor Ruibal,1.85,0,0.92,0,1.23,1.04
305,,Leandro Cabrera,1.44,0.03,1.34,0.03,3.34,0.47
306,,Mohamed-Ali Cho,0.68,0,0.11,0,0.11,0.32
307,,Sergi Gómez,1,0,0.93,0,4.14,0.14
308,,Srđan Babić,0.82,0,0.85,0,3.56,0.5
309,,Umar Sadiq,0.2,0,0,0,0.6,0.4
310,,Jorge Meré,1.1,0,0.6,0,3.1,0.3
311,,Rubén Alcaraz,1.39,0,0.61,0.03,1.13,1.13
312,,Óliver Torres,1.22,0,0.31,0,0.19,1.28
313,,Alex Telles,0.78,0,0.74,0,1.3,0.44
314,,Ayoze Pérez,1.63,0,0.63,0,0.16,1.58
315,,Carles Pérez,1.11,0,0.17,0,0.23,1.26
316,,Ronaël Pierre-Gabriel,2.13,0,1.13,0,1.25,0.75
317,,Giovanni González,1.07,0,0.47,0,1.4,0.87
318,,Aimar Oroz,0.84,0,0.77,0,0.13,0.71
319,,Miguel Gutiérrez,1.21,0.03,0.53,0,1.03,0.41
320,,José Luis Morales,0.24,0,0.07,0,0.07,0.41
321,,Roque Mesa,0.93,0,0.45,0.03,0.62,0.9
322,,José Ángel Carmona,1.53,0,0.79,0,1.21,0.89
323,,Yangel Herrera,1.3,0,0.2,0,0.6,0.45
324,,Unai García,1.1,0.05,0.9,0.05,2.71,0.24
325,,Jaume Costa,1.56,0.03,0.69,0,1.16,0.69
326,,Ander Herrera,1.06,0,0.65,0,0.65,0.71
327,,Stefan Mitrović,0.64,0.05,0.77,0,4.05,0.18
328,,Edgar González,1.12,0,0.84,0,4.76,0.52
329,,Álex Fernández,0.46,0,0.29,0,0.68,0.36
330,,Sergi Guardiola,0.68,0,0.16,0,0.42,0.35
331,,Rodrigo Riquelme,0.59,0,0.32,0.03,0.15,0.76
332,,Aitor Paredes,0.44,0,0.88,0,1.63,0.31
333,,Ivan Balliu,1.41,0,0.68,0.05,1.81,0.32
334,,Johan Mojica,0.95,0,0.4,0.05,0.8,0.25
335,,Pierre-Emerick Aubameyang,0,0,0,0,0,0
336,,Hugo Sotelo,0,0,0,0,0,0
337,,Carlos Domínguez,0.33,0,0,0,2.33,0.33
338,,Aleix Garrido,2,0,0,0,0,0
339,,Moi Parra,1,0,0,0,0,0
340,,Adnan Januzaj,0,0,0.5,0,0,0.5
341,,Franco Russo,0.67,0,1,0,1.33,0.33
342,,Iker Benito,1,0,0.5,0,0.75,0.5
343,,Kike García,0.17,0,0.03,0,0.37,0.09
344,,Unai López,0.94,0.03,0.44,0,0.18,0.71
345,,Óscar Mingueza,1.76,0,0.57,0.1,1,0.33
346,,Javi Puado,0.54,0,0.27,0,0.27,0.43
347,,Karim Rekik,0.69,0,0.63,0,1.44,0.06
348,,Tino Kadewere,0.4,0,0.13,0,0.07,0.33
349,,Sergio León,0.21,0,0,0,0.14,0.1
350,,Juan Cruz,0.89,0,0.48,0,1.96,0.41
351,,Darko Brašanac,1.16,0,0.48,0.04,0.36,0.44
352,,Matheus Cunha,0.36,0,0.18,0,0.27,0.27
353,,Darwin Machís,0.27,0,0.27,0,0.36,0.64
354,,Benjamin Lecomte,0,0.2,0,0,1,0
355,,Renato Tapia,1.68,0,0.68,0.04,1.21,0.68
356,,Haris Seferović,0.33,0,0.06,0,0.33,0.28
357,,Ferland Mendy,1.17,0,0.78,0,0.67,0.44
358,,Miguel Rodríguez,1,0,0.14,0,0.43,1
359,,Pedro Bigas,1.32,0,1.18,0.04,3.29,0.39
360,,César Montes,0.85,0,0.7,0.05,4.95,0.4
361,,Alejandro Pozo,1.23,0,0.87,0.03,1.07,0.87
362,,Bernardo Espinosa,0.3,0.05,0.6,0.05,3.45,0.3
363,,Bono,0.08,0.04,0.08,0,0.76,0.12
364,,Raúl García,0.34,0,0.17,0,0.2,0.29
365,,Willian José,0.32,0,0.04,0,0.54,0.18
366,,Íñigo Eguaras,0.44,0,0.24,0,0.6,0.52
367,,Dyego Sousa,0.5,0,0.05,0,0.7,0.05
368,,Iván Villar,0,0,0,0,0.79,0.05
369,,Matija Nastasić,0.71,0.07,1.29,0,3.07,0.21
370,,Erik Lamela,1.44,0,0.22,0,0.09,0.69
371,,Rubén Peña,1.6,0,0.85,0,1.2,1.05
372,,Kasper Dolberg,0.25,0,0,0,1.25,0.5
373,,Toni Lato,0.96,0,0.25,0,0.5,0.5
374,,Borja Mayoral,0.26,0,0.09,0,0.23,0.74
375,,Gonzalo Plata,1.94,0,0.35,0,0.21,1.38
376,,Iván Fresneda,2.18,0,0.68,0,2,0.82
377,,Ruben Sanchez Saez,1.67,0,1,0,0.78,0.5
378,,Franck Kessié,0.54,0,0.43,0,0.39,0.36
379,,César de la Hoz,1.52,0,0.56,0.04,1.44,0.72
380,,Luiz Henrique,1.45,0,0.42,0,0.39,0.73
381,,Juan Cala,0.67,0,0.33,0,4,0.33
382,,Francisco Portillo,0.48,0,0.26,0,0.26,0.48
383,,Alberto Moreno,0.96,0,0.96,0,0.96,0.54
384,,Josan,0.96,0,0.27,0.04,0.46,0.5
385,,Manuel Sánchez,1.65,0,0.45,0,1.23,0.97
386,,Arnaut Danjuma,0.3,0,0,0,0.1,0.1
387,,José Carlos Lazo,0.45,0,0.27,0,0.45,0
388,,Martin Hongla,1.13,0,0.5,0.06,2.88,0.63
389,,Ismaila Ciss,1.22,0,0.69,0,1.06,0.59
390,,Enzo Roco,1.5,0.05,0.82,0.18,2.77,0.41
391,,Álvaro Fernández,0,0.18,0,0,0.64,0
392,,Iván Martín,0.38,0,0.38,0,0.46,0.63
393,,Gonçalo Paciência,0.32,0,0,0,0.16,0.2
394,,Aihen Muñoz,1.65,0,0.39,0,1.35,1.09
395,,Djené,1.24,0,1.27,0.06,2.3,0.48
396,,Pape Gueye,2.31,0,1.38,0,0.63,1.06
397,,Luca Koleosho,0.5,0,0,0,0,0.25
398,,Clément Grenier,0.95,0,0.29,0,0.29,0.48
399,,Kaiky,0.38,0,0.85,0.08,2.15,0.31
400,,Haissem Hassan,0,0,0.5,0,0,1
401,,Alexander Callens,0.5,0,0.17,0,1,0.17
402,,Iddrisu Baba,1.07,0,0.38,0,1.14,0.59
403,,Rafa Mir,0.31,0,0.15,0,0.42,0.12
404,,Gastón Álvarez,1.73,0,0.68,0.05,1.45,0.86
405,,Mikel Oyarzabal,0.57,0,0.13,0,0.17,0.61
406,,Jaime Mata,0.72,0,0.17,0,0.28,0.83
407,,Marcos André,0.24,0,0,0,0,0.06
408,,Javier Guerra,1.6,0,1.1,0,0.9,1.1
409,,Pablo Marín,1,0,0.4,0,0.2,0.5
410,,Iker Munoz,0.13,0,0.38,0,1,0.38
411,,Pablo Barrios,0.9,0.05,0.43,0,0.24,0.33
412,,Dennis Hadžikadunić,1.13,0,0.38,0,3.38,0
413,,Rubén Sobrino,1.67,0,0.73,0,0.48,1
414,,Fidel,0.56,0,0.19,0,0.26,1.26
415,,Sergio Reguilón,0.64,0,0.18,0,0.18,0.18
416,,Cristhian Mosquera,1.33,0,0.33,0,1,0.33
417,,Carlos Martín,0.5,0,0.25,0,0,0.25
418,,Fede San Emeterio,1.24,0,0.52,0,0.82,0.73
419,,Víctor Chust,0.64,0,0.71,0.07,3.79,0.21
420,,Oier Zarraga,0.54,0,0.38,0,0.19,0.46
421,,Keidi Bare,0.83,0,0.61,0,0.39,0.33
422,,Helibelton Palacios,1.58,0,0.83,0,2.13,0.29
423,,Thomas Delaney,0.5,0,0.5,0,0.38,0.25
424,,Valery Fernández,0.48,0,0.4,0.04,0.24,0.16
425,,Bryan Gil,1.29,0,0.47,0,0.47,0.76
426,,Dimitri Foulquier,1.03,0,0.47,0,1.23,0.27
427,,Brian Ocampo,1,0,0.17,0,0.11,0.72
428,,Asier Villalibre,0,0,0,0,0.2,0
429,,Brian Cufré,1,0,0.4,0,0.2,0.6
430,,Reinier,0.67,0,0.28,0,0.22,0.33
431,,José Mari,0.89,0,0.28,0,0.44,0.33
432,,Tanguy Nianzou,1.05,0.05,0.84,0,2.11,0.16
433,,Pablo Torre,0.25,0,0.25,0,0.13,0.25
434,,Gonzalo Villar,0.63,0,0.38,0,0.31,0.5
435,,Largie Ramazani,0.45,0,0.45,0.03,0.21,0.58
436,,Mamadou Mbaye,0.71,0.07,0.5,0.07,3.5,0.14
437,,Portu,0.82,0,0.5,0,0.41,0.71
438,,Carlos Fernández,0.25,0,0.04,0,0.17,0.58
439,,Hugo Duro,0.5,0,0.07,0,0.23,0.33
440,,Óscar Trejo,1.41,0.03,0.24,0,0.21,1.03
441,,Juanpe,1,0,0.53,0.05,3.05,0.32
442,,Mariano Díaz,0.11,0,0,0,0,0
443,,Oscar Ureña,1.33,0,0.33,0,0,0.33
444,,Lago Júnior,0.2,0,0,0,0,0
445,,Francisco Mwepu,1,0,0,0,0,0
446,,Alberto Perea,2,0,0,0,0,0
447,,Roberto Torres,0,0,0,0,0,0
448,,Diego Collado,0,0,0,0,0,0
449,,Josep Gayá,0,0,0.5,0,3,0
450,,Ander Martín,0.67,0,0,0,0.33,1
451,,Anthony Lozano,0.21,0,0.11,0,0.61,0.21
452,,Juanmi,0.64,0,0.18,0,0.14,1.09
453,,Nacho Vidal,1.35,0.05,0.95,0,1.35,0.75
454,,Sergio Akieme,0.93,0,0.48,0,1.28,0.34
455,,Luca De La Torre,1,0,0.32,0,0.18,0.71
456,,Samu Sáiz,0.25,0.13,0,0,0,0.13
457,,Jon Morcillo,0.1,0,0.1,0,0,0.1
458,,Adrià Pedrosa,0.71,0,0.71,0,0.29,0.43
459,,Jon Karrikaburu,0.17,0,0,0,0,0
460,,Martín Montoya,2.17,0,1.5,0,2.17,0.33
461,,Alberto Mari,0,0,0,0,0,0.4
462,,Pablo Ibáñez Lumbreras,1.16,0,0.32,0,0.84,0.92
463,,Ricard Artero,0.43,0,0.14,0,0.43,0
464,,Sergio Asenjo,0,0.2,0,0,1.1,0
465,,Juan Carlos,0,0.1,0.1,0,1.1,0
466,,Gonzalo Montiel,0.93,0,0.68,0,1.18,0.5
467,,Randy Nteka,0.79,0,0.25,0,0.5,0.38
468,,Denis Suárez,1.44,0,0.28,0,0.17,1.78
469,,Nicolás Melamed,0.56,0,0.16,0,0.03,0.59
470,,Óscar Gil,1.91,0.03,0.94,0.03,1.24,0.88
471,,Jaime Seoane,0.63,0,0.06,0,0.06,0.38
472,,Aleix Vidal,0.44,0,0.6,0,0.44,0.72
473,,Yunus Musah,1.45,0,0.33,0,0.48,0.3
474,,Bebé,0,0,0,0,0,0.5
475,,Antonio Blanco,2,0,0.33,0,1,0.67
476,,Ezequiel Ponce,0.26,0,0.03,0,0.38,0.21
477,,Nicolás Fernández,1.28,0.06,0.28,0,0.06,0.44
478,,Arnau Puigmal,1,0,0.5,0.05,0.23,0.23
479,,Chumi,1.38,0,0.71,0,2.24,0.43
480,,Rodrigo Battaglia,0.8,0,0.33,0.13,1.2,0.53
481,,Carles Aleñá,0.51,0,0.11,0.03,0.43,0.83
482,,Andrés Martín,0.44,0,0.11,0,0.22,0.22
483,,Sergio Arribas,0,0,0,0,0,0
484,,Loren Morón,1,0,0,0,0.5,0
485,,Beñat Turrientes,0.5,0,0,0,0.33,0.67
486,,Ángel Rodríguez,0.06,0,0.06,0,0.06,0.12
487,,Roger Martí,0.42,0,0.12,0,0.54,0.42
488,,Abdón Prats,0.04,0,0,0,0.08,0
489,,Ángel Algobia,1.04,0,0.12,0,0.35,1
490,,Robert Navarro,0.29,0,0.12,0,0.06,0.06
491,,Salvi Sánchez,0.54,0,0.08,0,0.04,0.25
492,,Josep Chavarría,0.38,0,0.13,0,0.44,0.25
493,,Iván Alejo,1.03,0,0.16,0.03,0.29,0.65
494,,Manu Trigueros,0.87,0,0.22,0,0.17,0.57
495,,Juan Cruz,0.17,0,0,0,0,0.33
496,,Pol Lirola,1.08,0,0.58,0,1.08,0.42
497,,Eden Hazard,0,0,0.17,0,0,0.33
498,,Ander Capa,0.14,0,0,0,0.29,0.57
499,,Diego Moreno,0.36,0,0.45,0,1.82,0.45
500,,Jesús Vázquez,1.3,0,0.1,0,0.8,0.5
501,,Aritz Elustondo,1.04,0,0.8,0,1.64,0.48
502,,Toni Villa,1.19,0,0.31,0,0.04,0.69
503,,Joel Roca Casals,0.4,0,0,0,0.2,0.6
504,,Omar El Hilali,0.6,0,0.2,0,1,0.2
505,,Shon Weissman,0.13,0,0.07,0,0.33,0.27
506,,Abdul Mumin,0.69,0,0.56,0,2.19,0.25
507,,Radamel Falcao,0.15,0,0.07,0,0.37,0.26
508,,Lautaro Blanco,0.94,0,0.12,0,0.47,1
509,,Augusto Solari,0.83,0,0.33,0,0.08,0.67
510,,Jesús Vallejo,0,0,0,0,0,0
511,,Mamady Diarra,1,0,0,0,0,0.5
512,,Roger Martínez,0,0,0,0,0,0
513,,Casemiro,0,0,0,0,1,0
514,,Nabil Touaizi,0,0,0,0,0,0
515,,Carlos Álvarez,1,0,0,0,0,0
516,,Iván Romero,0,0,0,0,0,0
517,,Diego Mariño,0,0,0,0,1,0
518,,Babatunde Akinsola,1,0,0,0,0,0
519,,Javi Llabrés,0,0,0,0,1,0
520,,Alberto del Moral,0,0,0,0,0,0
521,,Roberto Arroyo,1,0,0,0,0,0
522,,Fran Delgado,0,0,0,0,0,0
523,,Matt Doherty,0,0,0,0,0,0
524,,Pablo Durán,0,0,0.25,0,0.25,0
525,,Raúl Parra,0.67,0,0.17,0,1.33,0.83
526,,Kevin Vázquez,1.3,0,0.2,0,0.7,0.4
527,,Joseba Zaldúa,1.5,0,1.1,0,2.1,0.3
528,,Raúl Guti,0.64,0,0.29,0,0.18,0.36
529,,Diego González,0.75,0,0.44,0.06,3.06,0.25
530,,Tomás Alarcón,0.75,0,0.5,0,0.5,0.25
531,,Pol Lozano,0,0,0,0,0.25,0
532,,Amath Ndiaye,1.04,0,0.18,0,0.14,0.29
533,,Dani Gómez,0.25,0,0.13,0,0,0.13
534,,José Pozo,0.25,0,0.13,0,0.13,0
535,,Unai Vencedor,0.3,0,0.1,0,0.1,0.5
536,,Fernando Niño,0,0,0,0,0,0
537,,Mikel Balenziaga,1.33,0,0.33,0,0.67,0
538,,David Torres,0.14,0,0.43,0,1,0
539,,Kenedy,0.5,0,0.08,0,0,0.17
540,,Antonio Sánchez,0.59,0.03,0.69,0.03,0.22,0.75
541,,Juan Narváez,0.2,0,0,0,0,0
542,,Youba Diarra,0.6,0,0.4,0,0.6,0.8
543,,Maximiliano Gómez,0,0,0,0,0.67,0
544,,Ludwig Augustinsson,0.5,0,0.25,0,0.5,0.5
545,,John Nwankwo,1.43,0.07,1,0,1.5,0.5
546,,Awer Mabil,0.4,0,0,0,0.2,0.4
547,,Jordan Amavi,0.6,0,0.8,0,0.8,0.4
548,,Mickaël Malsa,0.4,0,0.4,0,0.4,0.6
549,,Abner Vinícius,0.92,0,0.62,0.08,1.46,0.69
550,,Sekou Gassama,0,0,0,0,0,0
551,,Fabrizio Angileri,0.8,0,0.47,0.07,0.6,0.47
552,,Ángel Alarcón,0,0,0,0,0,0.5
553,,Marko Milovanović,0,0,0,0,0,0
554,,Mamadou Fall,0,0,0,0,1,0
555,,Axel Werner,0,0,0,0,0,0.5
556,,Álvaro Giménez,0,0,0,0,0,0.5
557,,Gonzalo Verdú,0.63,0,0.63,0,1.94,0.25
558,,Wassim Keddari,0.43,0,0,0.14,0.43,0.14
559,,Domingos Quina,0.3,0,0.3,0,0,0.2
560,,Filip Jörgensen,0,0,0,0,1,0.5
561,,Mario Suárez,0,0,0,0,0,0
562,,Fran Pérez,0.14,0,0,0,0.14,0.43
563,,Javier Pastore,0,0,0,0,0,0
564,,Pablo Muñoz,0,0,0,0,0,0.5
565,,Santiago Arzamendia,0.75,0.08,0.17,0,1.17,1.25
566,,Pape Cheikh,0,0,0,0,0,0.5
567,,Houboulang Mendes,1.36,0.07,0.5,0.07,1.21,1.14
568,,Lamine Yamal,0,0,0,0,0,0
569,,Antonio Gomis,0,0,0,0,1,0
570,,Alejandro Alfaro,0,0,0,0,0,0
571,,Iñaki Peña,0,0,0,0,0,0
572,,Mario Hernández,1,0,0.67,0,0,1.33
573,,Diego Hormigo,1,0,0,0,1,2
574,,Joan García,0,0,0,0,0,0
575,,Diego López,0,0.5,0,0,0.5,0
576,,Jorge Herrando,0,0,0,0,3,0
577,,Chadi Riad,0,0,0,0,0,0
578,,Pedro Ortiz,0,0,0,0,0,0
579,,Esteban Saveljich,0,0,0,0,0,0
580,,Diego Mendez,0,0,1,0,0,0
581,,Ruben Quintanilla,0,0,0,0,0,0
582,,Álex Revuelta,0,0,0,0,0,0
